model_name,scs,l3_weight_cuts,l3_output_cuts,lcus,weights,ops_per_image,macs_per_image,total_4bit_macs_per_frame,pure_ops_per_image,pure_macs_per_image,power,fps,subclusters_per_target,l3_cuts_per_target,layers_per_target,l2_cuts_per_target_normalized,l2_cuts_used_normalized,profiling_mode,layers,l3_total_cuts,net_input_throughput,gross_input_throughput,net_output_throughput,gross_output_throughput,latency,input_aligners,input_aligners_per_target,apus,apus_per_target,l4_cuts,l4_cuts_per_target,l2_weights,l2_data_usage,l2_cuts_per_target,number_of_devices,number_of_contexts,calibration,transpose,resize_input,normalization,input_conversion,nms,optimization_level,compression_level,compression_rate,hw_arch,stream_fps,optimization_goal_fps,context_switch_configs,l2_cut_size,l3_cut_size,l4_cut_size
yolov5s_seg,263,175,214,99,7611485.0,26360524800.0,13211780400.0,0.0,26360524800.0,13211780400.0,,92.34,512,1024,128,256.0,131.5,post_placement,95,389,108.21 Megabytes/sec,108.21 Megabytes/sec,591.42 Megabytes/sec,591.42 Megabytes/sec,18.40,95,256,94,160,10,28,1420992,567808,512,1,1,64,False,False,True,False,False,0,0,N/A,hailo8,,,,16384.0,32768.0,131072.0

context_name,csw_scs_mac_util,b8_csw_scs_mac_util, ,lcu_util,l3_util,mapping_util,active_mac_util,width_align_util,feature_align_util,balance_fps_util,mac_layers_util,effective_mac_util,scs_mac_util, ,fps,1/fps (s),drain (s),latency_util,b8_latency_util, ,context_overhead,overhead_util,b8_overhead_util,total_mac_util,b8_total_mac_util,boundary_in_bytes,boundary_out_bytes,inter_context_in_bytes,inter_context_out_bytes,ddr_portals_in_bytes,ddr_portals_out_bytes
contexts_total,0.05652239839711411,0.08831526850259004,,,,0.513671875,0.8489946260260208,0.9801165926999603,0.9782427179641533,0.2624317104235802,0.9125475285171103,0.20486800692313178,0.09603187824521801,,no runtime data,no runtime data,N/A,0.5885795366074565,0.9196453314916578,,no runtime data,no runtime data,no runtime data,no runtime data,no runtime data,1228800.0,6716000.0,0.0,0.0,0.0,0.0
yolov5s_seg_context_0,0.056522398397114114,0.08831526850259006,,0.734375,0.3798828125,0.513671875,0.8489946260260208,0.9801165926999603,0.9782427179641532,0.2624317104235802,0.9125475285171103,0.20486800692313178,0.09603187824521803,,92.33859732592039,0.0108297075,0.0075700275,0.5885795366074565,0.9196453314916578,,single context,,,,,1228800.0,6716000.0,0.0,0.0,0.0,0.0

layer_name,layer_type,input_height,input_width,output_channels,input_channels,kernel_height,kernel_width,strides_row,strides_col,predecessors,successors,weights,macs,power,fps,total cycles,theoretical cycles,scs,apus,input_aligners,of_per_sc,of_per_mac,l3_output_cuts,l2_weights_usage_ratio,groups,dilation_height,dilation_width,16x4_configuration,elementwise_feed_repeat,ew_add_enabled,defuse_mode,node_layer_input_bw,node_layer_output_bw,defuse_name,l3_weight_cuts,l4_cuts,lcus,node_layer_latency,deprecated,output_features_per_sc,mac_computation_utilization,apu_activation_utilization,subcluster_utilization,buffers_num,buffer_size,context,did_reach_fps,latency,l2_weights,ops,l2_data_usage,input_activation_bits,input_range_min,input_range_max,kernel_range_min,kernel_range_max,output_range_min,output_range_max,output_activation_bits,weights_bits,bias_bits,active_mac_util,width_align_util,feature_align_util,balance_fps_util,mac_layers_util,effective_mac_util,is_4bit_enhanced,is_smuffer_in,is_smuffer_out
normalization1,normalization,640,640,3,3,1,1,,,input_layer1,conv1,0,1228800.0,,1088.78,367383,,1,1,1,8,1,1,1,,1,1,False,,False,,113.4656753540039,302.57513427734375,yolov5s_seg/normalization1,0,0,1,10.585455000000001,0,3,0.557456374168396,0.418092280626297,0.04727736070228762,6,5120,yolov5s_seg_context_0,False,0.010588025,0,2457600.0,0,8,0.0,255.0,0.003921568859368563,0.003921568859368563,0.0,1.0,8,8,16,0.557456374168396,1.0,0.375,0.08480907725347152,1.0,0.017729010263357856,False,False,False
conv1,conv,640,640,32,3,6,6,2,2,normalization1,conv2,3488.0,357171200,,92.34,4331883,2764800.0,5.0,3.0,4.0,644,4,8.0,,1,1,1,False,,False,combined (SUPER_CONV),1249.5451431274414,6398.322175979614,,0.0,0.0,3.0,10.84847,0,644,0.2782594203948975,0.033728415767351784,0.26002548480796295,13.0,16256,yolov5s_seg_context_0,False,0.01085571,3488,707788800,0,8,0.0,1.0,-13.844256401062012,10.462957382202148,-0.40937936305999756,51.7864875793457,8,8,16,0.6956485509872437,1.0,1.0,0.934471452714674,0.4,0.6500637120199074,False,False,False
conv2,conv,320,320,64,32,3,3,2,2,conv1,conv3 conv4,18496.0,473497600.0,,116.54,3432346,2457600.0,3,1,1,24,3,2,1,1,1,1,False,,False,,302.57513427734375,170.19851684570312,yolov5s_seg/conv2,0,0,1,10.830275,0,22,0.8163687586784363,0.06712610274553299,0.6468457350706138,4,11520,yolov5s_seg_context_0,False,0.01089025,18496.0,943718400.0,23040,8,-0.40937936305999756,51.7864875793457,-1.3677836656570435,1.0659370422363281,-0.41550934314727783,105.53937530517578,8,8,16,0.8163687586784363,1.0,0.8888888888888888,0.7923450379430839,1.0,0.5749739867294344,False,False,False
conv3,conv,160,160,32,64,1,1,1,1,conv2,concat1,2080.0,53248000.0,,406.23,984661,819200.0,1,1,1,32,4,4,1,1,1,1,False,,False,,151.28756713867188,75.64378356933594,yolov5s_seg/conv3,0,0,1,10.7772775,0,32,0.8579602241516113,0.103995181620121,0.19501911115174386,4,5120,yolov5s_seg_context_0,False,0.0109056325,2080.0,104857600.0,0,8,-0.41550934314727783,105.53937530517578,-1.032558798789978,0.5101445317268372,-0.683563232421875,24.217668533325195,8,8,16,0.8579602241516113,1.0,1.0,0.22730553895384523,1.0,0.19501911115174386,False,False,False
conv4,conv,160,160,32,64,1,1,1,1,conv2,conv5 ew_add1,2080.0,53248000.0,,406.23,984661,819200.0,1,1,1,32,4,1,1,1,1,1,False,,False,,151.28756713867188,75.64378356933594,yolov5s_seg/conv4,0,0,1,10.7788775,0,32,0.8579602241516113,0.103995181620121,0.19501911115174386,1,5120,yolov5s_seg_context_0,False,0.0109072325,2080.0,104857600.0,0,8,-0.41550934314727783,105.53937530517578,-1.098171591758728,0.19555547833442688,-0.2911243438720703,6.457666873931885,8,8,16,0.8579602241516113,1.0,1.0,0.22730553895384523,1.0,0.19501911115174386,False,False,False
conv5,conv,160,160,32,32,1,1,1,1,conv4,conv6,1056.0,27033600.0,,693.65,576661,409600.0,1,1,1,32,4,1,1,1,1,1,False,,False,,75.64378356933594,75.64378356933594,yolov5s_seg/conv5,0,0,1,10.77092,0,32,0.7546895146369934,0.17757399380207062,0.10046439624525483,128,256,yolov5s_seg_context_0,False,0.0109162575,1056.0,52428800.0,0,8,-0.2911243438720703,6.457666873931885,-5.096344470977783,6.282147407531738,-0.3118055760860443,15.590278625488281,8,8,16,0.7546895146369934,1.0,1.0,0.13312016968140644,1.0,0.10046439624525483,False,False,True
conv6,conv,160,160,32,32,3,3,1,1,conv5,ew_add1,9248.0,236748800.0,,187.63,2131867,1843200.0,2,1,1,16,2,1,1,1,1,1,False,,False,,75.64378356933594,75.64378356933594,yolov5s_seg/conv6,0,0,1,10.82709,0,16,0.8829631209373474,0.04803301393985748,0.4345361912460101,6,5120,yolov5s_seg_context_0,False,0.0109729025,9248.0,471859200.0,20480,8,-0.3118055760860443,15.590278625488281,-0.7448262572288513,0.8048264384269714,-0.3376884460449219,16.884422302246094,8,8,16,0.8829631209373474,1.0,1.0,0.4921340211635448,1.0,0.4345361912460101,False,True,False
ew_add1,ew_add,160,160,32,32,,,,,conv4 conv6,concat1,0,409600.0,,1285.27,311219,,1,1,1,32,0,1,0.0,,,,False,,False,,75.64378356933594,0.0,yolov5s_seg/ew_add1,1,0,1,10.7309,0,32,0.6580575108528137,0.32902875542640686,0.047277361939392595,6,5120,yolov5s_seg_context_0,False,0.0109777625,0,819200.0,0,8,N/A,N/A,N/A,N/A,-0.792142927646637,28.06449317932129,8,8,16,0.6580575108528137,1.0,1.0,0.07184381480293904,1.0,0.047277361939392595,False,False,False
concat1,concat,160|160,160|160,64,32|32,,,,,ew_add1 conv3,conv7,0,0,,1596.25,250587,,1,1,1,64,0,1,1,,,,False,,False,,75.64378356933594,0.0,yolov5s_seg/concat1,0,0,1,10.753975,0,64,0.8172810077667236,0.8172810077667236,0.04727736088284009,64,512,yolov5s_seg_context_0,False,0.0110056975,0,0,0,8,N/A,N/A,N/A,N/A,-0.792142927646637,28.06449317932129,8,8,8,0.8172810077667236,1.0,1.0,0.05784713022027604,0.0,0.04727736088284009,False,False,True
conv7,conv,160,160,64,64,1,1,1,1,concat1,conv8,4160.0,106496000.0,,204.08,1960021,1638400.0,1,1,1,64,8,2,1,1,1,1,False,,False,,151.28756713867188,151.28756713867188,yolov5s_seg/conv7,0,0,1,10.7566625,0,64,0.8620315790176392,0.10448867827653885,0.39003823453628184,6,10240,yolov5s_seg_context_0,False,0.0110085825,4160.0,209715200.0,0,8,-0.792142927646637,28.06449317932129,-1.3157962560653687,1.1463569402694702,-0.32435423135757446,16.21771240234375,8,8,16,0.8620315790176392,1.0,1.0,0.4524639746733695,1.0,0.39003823453628184,False,True,False
conv8,conv,160,160,128,64,3,3,2,2,conv7,conv10 conv9,73856.0,472678400.0,,161.21,2481303,1228800.0,6,1,1,24,3,2,1,1,1,1,False,,False,,151.28756713867188,85.09925842285156,yolov5s_seg/conv8,0,0,1,10.8036225,0,22,0.5590611100196838,0.04642722010612488,0.32023025771360203,4,11520,yolov5s_seg_context_0,False,0.011086165,73856.0,943718400.0,0,8,-0.32435423135757446,16.21771240234375,-0.49887436628341675,0.39072751998901367,-0.2927549481391907,8.001968383789062,8,8,16,0.5590611100196838,1.0,0.8888888888888888,0.5728000964014955,1.0,0.2846491179676462,False,False,False
conv10,conv,80,80,64,128,1,1,1,1,conv8,conv11 ew_add2,8256.0,52838400.0,,444.67,899541,819200.0,1,1,1,64,8,2,1,1,1,1,False,,False,,75.64378356933594,37.82189178466797,yolov5s_seg/conv10,0,0,1,10.691265,0,64,0.92491614818573,0.05691791698336601,0.19206428171193443,12,5120,yolov5s_seg_context_0,False,0.0111142725,8256.0,104857600.0,0,8,-0.2927549481391907,8.001968383789062,-0.6017011404037476,0.3836788833141327,-0.2838359475135803,2.128769636154175,8,8,16,0.92491614818573,1.0,1.0,0.20765588544288938,1.0,0.19206428171193443,False,False,False
conv11,conv,80,80,64,64,1,1,1,1,conv10,conv12,4160.0,26624000.0,,816.42,489941,409600.0,1,1,1,64,8,1,1,1,1,1,False,,False,,37.82189178466797,37.82189178466797,yolov5s_seg/conv11,0,0,1,10.6784825,0,64,0.8621446490287781,0.10450237989425659,0.09750956142855395,64,512,yolov5s_seg_context_0,False,0.0111295975,4160.0,52428800.0,0,8,-0.2838359475135803,2.128769636154175,-2.5268537998199463,3.182063579559326,-0.2949230968952179,6.541930675506592,8,8,16,0.8621446490287781,1.0,1.0,0.1131011617811469,1.0,0.09750956142855395,False,False,True
conv12,conv,80,80,64,64,3,3,1,1,conv11,ew_add2,36928.0,236339200.0,,385.55,1037467,921600.0,4,1,1,16,2,1,1,1,1,1,False,,False,,37.82189178466797,37.82189178466797,yolov5s_seg/conv12,0,0,1,10.727482499999999,0,16,0.9144387245178223,0.04935096576809883,0.21900406825607516,6,5120,yolov5s_seg_context_0,False,0.0111801525,36928.0,471859200.0,20480,8,-0.2949230968952179,6.541930675506592,-0.4723397493362427,0.5574312210083008,-0.2863735556602478,4.581976890563965,8,8,16,0.9144387245178223,1.0,1.0,0.23949561887982665,1.0,0.21900406825607516,False,True,False
conv9,conv,80,80,64,128,1,1,1,1,conv8,concat2,8256.0,52838400.0,,444.67,899541,819200.0,1,1,1,64,8,1,1,1,1,1,False,,False,,75.64378356933594,37.82189178466797,yolov5s_seg/conv9,0,0,1,10.691265,0,64,0.92491614818573,0.05691791698336601,0.19206428171193443,6,5120,yolov5s_seg_context_0,False,0.0111142725,8256.0,104857600.0,0,8,-0.2927549481391907,8.001968383789062,-1.8406267166137695,1.7366613149642944,-0.7448621988296509,11.917795181274414,8,8,16,0.92491614818573,1.0,1.0,0.20765588544288938,1.0,0.19206428171193443,False,False,False
ew_add2,ew_add,80,80,64,64,,,,,conv10 conv12,conv13 ew_add3,0,204800.0,,2559.85,156259,,1,1,1,64,0,2,0.0,,,,False,,False,,37.82189178466797,0.0,yolov5s_seg/ew_add2,1,0,1,10.558995,0,64,0.655322253704071,0.3276611268520355,0.023638680925026006,12,5120,yolov5s_seg_context_0,False,0.0111850325,0,409600.0,0,8,-0.2838359475135803,2.128769636154175,N/A,N/A,-0.8819787502288818,4.884805679321289,8,8,16,0.655322253704071,1.0,1.0,0.036071842198877484,1.0,0.023638680925026006,False,False,False
conv13,conv,80,80,64,64,1,1,1,1,ew_add2,conv14,4160.0,26624000.0,,816.42,489941,409600.0,1,1,1,64,8,1,1,1,1,1,False,,False,,37.82189178466797,37.82189178466797,yolov5s_seg/conv13,0,0,1,10.56944,0,64,0.8621446490287781,0.10450237989425659,0.09750956142855395,64,512,yolov5s_seg_context_0,False,0.0112003575,4160.0,52428800.0,0,8,-0.8819787502288818,4.884805679321289,-2.252377510070801,1.4106996059417725,-0.2792917490005493,5.655657768249512,8,8,16,0.8621446490287781,1.0,1.0,0.1131011617811469,1.0,0.09750956142855395,False,False,True
conv14,conv,80,80,64,64,3,3,1,1,conv13,ew_add3,36928.0,236339200.0,,385.55,1037467,921600.0,4,1,1,16,2,1,1,1,1,1,False,,False,,37.82189178466797,37.82189178466797,yolov5s_seg/conv14,0,0,1,10.6189875,0,16,0.9144387245178223,0.04935096576809883,0.21900406825607516,6,5120,yolov5s_seg_context_0,False,0.01125146,36928.0,471859200.0,20480,8,-0.2792917490005493,5.655657768249512,-1.4434585571289062,0.8476194143295288,-0.283247172832489,10.035041809082031,8,8,16,0.9144387245178223,1.0,1.0,0.23949561887982665,1.0,0.21900406825607516,False,True,False
ew_add3,ew_add,80,80,64,64,,,,,ew_add2 conv14,concat2,0,204800.0,,2559.85,156259,,1,1,1,64,0,1,0.0,,,,False,,False,,37.82189178466797,0.0,yolov5s_seg/ew_add3,1,0,1,10.4553025,0,64,0.655322253704071,0.3276611268520355,0.023638680925026006,6,5120,yolov5s_seg_context_0,False,0.01125634,0,409600.0,0,8,N/A,N/A,N/A,N/A,-1.2994085550308228,20.790536880493164,8,8,16,0.655322253704071,1.0,1.0,0.036071842198877484,1.0,0.023638680925026006,False,False,False
concat2,concat,80|80,80|80,128,64|64,,,,,ew_add3 conv9,conv15,0,0,,3505.48,114107,,1,1,1,128,0,1,1,,,,False,,False,,37.82189178466797,0.0,yolov5s_seg/concat2,0,0,1,10.488014999999999,0,128,0.8974032998085022,0.8974032998085022,0.023638680530210246,32,1024,yolov5s_seg_context_0,False,0.0112939325,0,0,0,8,N/A,N/A,N/A,N/A,-1.2994085550308228,20.790536880493164,8,8,8,0.8974032998085022,1.0,1.0,0.026341200812671994,0.0,0.023638680530210246,False,False,True
conv15,conv,80,80,128,128,1,1,1,1,concat2,conv16 concat8,16512.0,105676800.0,,379.61,1053701,819200.0,2,1,1,64,8,3,1,1,1,1,False,,False,,75.64378356933594,75.64378356933594,yolov5s_seg/conv15,0,1,1,10.493902499999999,0,64,0.7895978093147278,0.09718126803636551,0.19206428273172152,9,10240,yolov5s_seg_context_0,False,0.0113001775,16512.0,209715200.0,0,8,-1.2994085550308228,20.790536880493164,-0.9842574000358582,0.9262160062789917,-0.28190869092941284,9.987621307373047,8,8,16,0.7895978093147278,1.0,1.0,0.24324318085229912,1.0,0.19206428273172152,False,True,False
conv16,conv,80,80,256,128,3,3,2,2,conv15,conv17 conv18,295168.0,472268800.0,,235.58,1697903,1053258.0,7,1,1,40,5,2,0.34166665642641936,1,1,1,False,,False,,75.64378356933594,41.36769104003906,yolov5s_seg/conv16,7,0,1,10.6000725,0,37,0.6796619296073914,0.032981861382722855,0.26639686004127505,4,11200,yolov5s_seg_context_0,False,0.01143927,110208,943718400.0,0,8,-0.28190869092941284,9.987621307373047,-0.7011421918869019,0.4443334639072418,-0.30514204502105713,7.475979804992676,8,8,16,0.6796619296073914,1.0,0.9142857142857143,0.39195495353868054,1.0,0.24356284346630858,False,False,False
conv17,conv,40,40,128,256,1,1,1,1,conv16,conv19 ew_add4,32896.0,52633600.0,,1169.66,341981,273067.0,3,1,1,48,6,1,1,1,1,1,False,,False,,37.82189178466797,21.27481460571289,yolov5s_seg/conv17,0,0,1,10.384655,0,43,0.9053134322166443,0.0842152014374733,0.07147007268268331,5,5760,yolov5s_seg_context_0,False,0.01146064,32896.0,104857600.0,0,8,-0.30514204502105713,7.475979804992676,-0.37102749943733215,0.5422638654708862,-0.2785129249095917,3.272526979446411,8,8,16,0.9053134322166443,1.0,0.8888888888888888,0.07894511463028894,1.0,0.0635289534957185,False,False,False
conv18,conv,40,40,128,256,1,1,1,1,conv16,concat3,32896.0,52633600.0,,1169.66,341981,273067.0,3,1,1,48,6,1,1,1,1,1,False,,False,,37.82189178466797,21.27481460571289,yolov5s_seg/conv18,0,0,1,10.384655,0,43,0.9053134322166443,0.0842152014374733,0.07147007268268331,5,5760,yolov5s_seg_context_0,False,0.01146064,32896.0,104857600.0,0,8,-0.30514204502105713,7.475979804992676,-1.6333516836166382,0.9397698640823364,-0.5802882313728333,9.284611701965332,8,8,16,0.9053134322166443,1.0,0.8888888888888888,0.07894511463028894,1.0,0.0635289534957185,False,False,False
conv19,conv,40,40,128,128,1,1,1,1,conv17,conv20,16512.0,26419200.0,,1682.22,237781,204800.0,2,1,1,64,8,1,1,1,1,1,False,,False,,18.910945892333984,18.910945892333984,yolov5s_seg/conv19,0,0,1,10.378160000000001,0,64,0.8747544884681702,0.10766208916902542,0.04801606992212162,32,1024,yolov5s_seg_context_0,False,0.011475515,16512.0,52428800.0,0,8,-0.2785129249095917,3.272526979446411,-2.311292886734009,2.7127585411071777,-0.2905579209327698,12.05815315246582,8,8,16,0.8747544884681702,1.0,1.0,0.05489091002688669,1.0,0.04801606992212162,False,False,True
conv20,conv,40,40,128,128,3,3,1,1,conv19,ew_add4,147584.0,236134400.0,,394.68,1013467,921600.0,4,1,1,32,2,1,0.29166665627132343,1,1,1,False,,False,,18.910945892333984,18.910945892333984,yolov5s_seg/conv20,4,0,1,10.4865875,0,32,0.9568540453910828,0.025259826332330704,0.22386107815478035,6,5120,yolov5s_seg_context_0,False,0.0115869375,43008,471859200.0,20480,8,-0.2905579209327698,12.05815315246582,-0.4338010847568512,0.28089240193367004,-0.2907997965812683,5.4133501052856445,8,8,16,0.9568540453910828,1.0,1.0,0.23395530304027137,1.0,0.22386107815478035,False,True,False
ew_add4,ew_add,40,40,128,128,,,,,conv17 conv20,conv21 ew_add5,0,102400.0,,5077.50,78779,,1,1,1,128,0,1,0.0,,,,False,,False,,18.910945892333984,0.0,yolov5s_seg/ew_add4,1,0,1,10.1525925,0,128,0.6499193906784058,0.3249596953392029,0.011819340383443903,6,5120,yolov5s_seg_context_0,False,0.0115918575,0,204800.0,0,8,N/A,N/A,N/A,N/A,-0.8593631386756897,5.227792263031006,8,8,16,0.6499193906784058,1.0,1.0,0.018185855896846705,1.0,0.011819340383443903,False,False,False
conv21,conv,40,40,128,128,1,1,1,1,ew_add4,conv22,16512.0,26419200.0,,1682.22,237781,204800.0,2,1,1,64,8,1,1,1,1,1,False,,False,,18.910945892333984,18.910945892333984,yolov5s_seg/conv21,0,0,1,10.1625475,0,64,0.8747544884681702,0.10766208916902542,0.04801606992212162,32,1024,yolov5s_seg_context_0,False,0.0116067325,16512.0,52428800.0,0,8,-0.8593631386756897,5.227792263031006,-1.980528473854065,1.9975513219833374,-0.28862857818603516,10.22569751739502,8,8,16,0.8747544884681702,1.0,1.0,0.05489091002688669,1.0,0.04801606992212162,False,False,True
conv22,conv,40,40,128,128,3,3,1,1,conv21,ew_add5,147584.0,236134400.0,,394.68,1013467,921600.0,4,1,1,32,2,1,0.29166665627132343,1,1,1,False,,False,,18.910945892333984,18.910945892333984,yolov5s_seg/conv22,4,0,1,10.27146,0,32,0.9568540453910828,0.025259826332330704,0.22386107815478035,6,5120,yolov5s_seg_context_0,False,0.01171864,43008,471859200.0,20480,8,-0.28862857818603516,10.22569751739502,-0.44005829095840454,0.6204754114151001,-0.28536880016326904,10.110209465026855,8,8,16,0.9568540453910828,1.0,1.0,0.23395530304027137,1.0,0.22386107815478035,False,True,False
ew_add5,ew_add,40,40,128,128,,,,,ew_add4 conv22,conv23 ew_add6,0,102400.0,,5077.50,78779,,1,1,1,128,0,1,0.0,,,,False,,False,,18.910945892333984,0.0,yolov5s_seg/ew_add5,1,0,1,9.9422675,0,128,0.6499193906784058,0.3249596953392029,0.011819340383443903,6,5120,yolov5s_seg_context_0,False,0.01172356,0,204800.0,0,8,N/A,N/A,N/A,N/A,-1.1044412851333618,10.160860061645508,8,8,16,0.6499193906784058,1.0,1.0,0.018185855896846705,1.0,0.011819340383443903,False,False,False
conv23,conv,40,40,128,128,1,1,1,1,ew_add5,conv24,16512.0,26419200.0,,1682.22,237781,204800.0,2,1,1,64,8,1,1,1,1,1,False,,False,,18.910945892333984,18.910945892333984,yolov5s_seg/conv23,0,0,1,9.9522225,0,64,0.8747544884681702,0.10766208916902542,0.04801606992212162,32,1024,yolov5s_seg_context_0,False,0.011738435,16512.0,52428800.0,0,8,-1.1044412851333618,10.160860061645508,-0.8425382971763611,1.131764531135559,-0.2901749312877655,8.959151268005371,8,8,16,0.8747544884681702,1.0,1.0,0.05489091002688669,1.0,0.04801606992212162,False,False,True
conv24,conv,40,40,128,128,3,3,1,1,conv23,ew_add6,147584.0,236134400.0,,394.68,1013467,921600.0,4,1,1,32,2,1,0.29166665627132343,1,1,1,False,,False,,18.910945892333984,18.910945892333984,yolov5s_seg/conv24,4,0,1,10.061135,0,32,0.9568540453910828,0.025259826332330704,0.22386107815478035,6,5120,yolov5s_seg_context_0,False,0.0118503425,43008,471859200.0,20480,8,-0.2901749312877655,8.959151268005371,-0.8625817894935608,0.7785364985466003,-0.3337678611278534,16.688392639160156,8,8,16,0.9568540453910828,1.0,1.0,0.23395530304027137,1.0,0.22386107815478035,False,True,False
ew_add6,ew_add,40,40,128,128,,,,,ew_add5 conv24,concat3,0,102400.0,,5077.50,78779,,1,1,1,128,0,1,0.0,,,,False,,False,,18.910945892333984,0.0,yolov5s_seg/ew_add6,1,0,1,9.7319425,0,128,0.6499193906784058,0.3249596953392029,0.011819340383443903,6,5120,yolov5s_seg_context_0,False,0.0118552625,0,204800.0,0,8,N/A,N/A,N/A,N/A,-1.6447798013687134,26.316476821899414,8,8,16,0.6499193906784058,1.0,1.0,0.018185855896846705,1.0,0.011819340383443903,False,False,False
concat3,concat,40|40,40|40,256,128|128,,,,,ew_add6 conv18,conv25,0,0,,7370.96,54267,,1,1,1,256,0,1,1,,,,False,,False,,18.910945892333984,0.0,yolov5s_seg/concat3,0,0,1,9.746257499999999,0,256,0.9434831738471985,0.9434831738471985,0.01181934077978697,16,2048,yolov5s_seg_context_0,False,0.0118744975,0,0,0,8,N/A,N/A,N/A,N/A,-1.6447798013687134,26.316476821899414,8,8,8,0.9434831738471985,1.0,1.0,0.012527346652714304,0.0,0.01181934077978697,False,False,True
conv25,conv,40,40,256,256,1,1,1,1,concat3,conv26 concat6,65792.0,105267200.0,,838.12,477261,327680.0,5,1,1,56,7,11,1,1,1,1,False,,False,,37.82189178466797,41.36769104003906,yolov5s_seg/conv25,0,0,1,9.756845,0,52,0.7568185925483704,0.1173362135887146,0.08338175299245797,31,11200,yolov5s_seg_context_0,False,0.0118857625,65792.0,209715200.0,0,8,-1.6447798013687134,26.316476821899414,-0.4451780319213867,0.6260849833488464,-0.31943413615226746,9.862528800964355,8,8,16,0.7568185925483704,1.0,0.9142857142857143,0.11017402824591523,1.0,0.07623474559310442,False,True,False
conv26,conv,40,40,512,256,3,3,2,2,conv25,conv27 conv28,1180160.0,472064000.0,,141.54,2826155,1843200.0,4,1,1,128,8,2,0.048611111045029375,1,1,1,False,,False,,37.82189178466797,18.910945892333984,yolov5s_seg/conv26,36,0,1,10.501534999999999,0,128,0.7833116054534912,0.010869892314076424,0.5110387354206961,4,12288,yolov5s_seg_context_0,False,0.012660275,57344,943718400.0,0,8,-0.31943413615226746,9.862528800964355,-0.2806086838245392,0.5987117290496826,-0.3165540397167206,11.215057373046875,8,8,16,0.7833116054534912,1.0,1.0,0.6524079713140913,1.0,0.5110387354206961,False,False,False
conv27,conv,20,20,256,512,1,1,1,1,conv26,conv29 ew_add7,131328.0,52531200.0,,1117.07,358081,273067.0,3,1,1,88,1,1,0.3323863605919312,1,1,1,False,,False,,18.910945892333984,9.750955581665039,yolov5s_seg/conv27,3,0,1,9.9332475,0,86,0.9473834037780762,0.04423580318689346,0.07831236360914116,5,6336,yolov5s_seg_context_0,False,0.01270503,44928,104857600.0,0,8,-0.3165540397167206,11.215057373046875,-0.4170616865158081,0.6071712374687195,-0.2812005877494812,5.694311618804932,8,8,16,0.9473834037780762,0.8333333333333334,0.9696969696969697,0.08266174317265725,1.0,0.06328271806799288,False,False,False
conv28,conv,20,20,256,512,1,1,1,1,conv26,concat4,131328.0,52531200.0,,1117.07,358081,273067.0,3,1,1,88,1,1,0.3323863605919312,1,1,1,False,,False,,18.910945892333984,9.750955581665039,yolov5s_seg/conv28,3,0,1,9.9332475,0,86,0.9473834037780762,0.04423580318689346,0.07831236360914116,5,6336,yolov5s_seg_context_0,False,0.01270503,44928,104857600.0,0,8,-0.3165540397167206,11.215057373046875,-0.46613091230392456,0.6752334237098694,-0.5922577381134033,11.025105476379395,8,8,16,0.9473834037780762,0.8333333333333334,0.9696969696969697,0.08266174317265725,1.0,0.06328271806799288,False,False,False
conv29,conv,20,20,256,256,1,1,1,1,conv27,conv30,65792.0,26316800.0,,3166.03,126341,81920.0,5,1,1,56,7,1,1,1,1,1,False,,False,,9.455472946166992,10.341922760009766,yolov5s_seg/conv29,0,0,1,9.904297499999998,0,52,0.8576788306236267,0.13297346234321594,0.025014526278715195,14,2240,yolov5s_seg_context_0,False,0.012720835,65792.0,52428800.0,0,8,-0.2812005877494812,5.694311618804932,-3.0964603424072266,2.248563528060913,-0.30251532793045044,18.982837677001953,8,8,16,0.8576788306236267,0.8333333333333334,0.9142857142857143,0.029165376811885267,1.0,0.019058686688544914,False,False,True
conv30,conv,20,20,256,256,3,3,1,1,conv29,ew_add7,590080.0,236032000.0,,578.61,691315,460800.0,8,1,1,32,2,1,0.17361111287454245,1,1,1,False,,False,,9.455472946166992,9.455472946166992,yolov5s_seg/conv30,16,0,1,10.044675,0,32,0.8807736039161682,0.022218525409698486,0.14056058392881476,5,6144,yolov5s_seg_context_0,False,0.0128664975,102400,471859200.0,24576,8,-0.30251532793045044,18.982837677001953,-0.5004882216453552,0.40327998995780945,-0.28021278977394104,17.58335304260254,8,8,16,0.8807736039161682,0.8333333333333334,1.0,0.15958764352592164,1.0,0.11713381994067897,False,True,False
ew_add7,ew_add,20,20,256,256,,,,,conv27 conv30,concat4,0,51200.0,,8382.41,47719,,1,1,1,256,0,1,0.0,,,,False,,False,,9.455472946166992,0.0,yolov5s_seg/ew_add7,1,0,1,9.412939999999999,0,256,0.6437687277793884,0.3218843638896942,0.0070916042563717975,5,6144,yolov5s_seg_context_0,False,0.0128724575,0,102400.0,0,8,N/A,N/A,N/A,N/A,-1.4049980640411377,26.154579162597656,8,8,16,0.6437687277793884,0.8333333333333334,1.0,0.011015763814488986,1.0,0.005909670213643165,False,False,False
concat4,concat,20|20,20|20,512,256|256,,,,,ew_add7 conv28,conv31,0,0,,12615.51,31707,,1,1,1,512,0,1,1,,,,False,,False,,9.455472946166992,0.0,yolov5s_seg/concat4,0,0,1,9.44134,0,512,0.9688712358474731,0.9688712358474731,0.007091604338117126,8,4096,yolov5s_seg_context_0,False,0.0129068175,0,0,0,8,N/A,N/A,N/A,N/A,-1.4049980640411377,26.154579162597656,8,8,8,0.9688712358474731,0.8333333333333334,1.0,0.007319449763532394,0.0,0.005909670281764272,False,False,True
conv31,conv,20,20,512,512,1,1,1,1,concat4,conv32,262656.0,105062400.0,,1070.15,373781,273067.0,6,1,1,88,1,1,0.3323863614865975,1,1,1,False,,False,,18.910945892333984,19.501911163330078,yolov5s_seg/conv31,6,0,1,9.4971575,0,86,0.9075902700424194,0.08475551009178162,0.07831236409818215,7,4224,yolov5s_seg_context_0,False,0.0129639525,89856,209715200.0,0,8,-1.4049980640411377,26.154579162597656,-0.5036285519599915,0.6934340000152588,-0.301355242729187,12.506242752075195,8,8,16,0.9075902700424194,0.8333333333333334,0.9696969696969697,0.08628603311769963,1.0,0.06328271846317751,False,True,True
conv32,conv,20,20,256,512,1,1,1,1,conv31,maxpool1 concat5,131328.0,52531200.0,,1117.13,358061,273067.0,3,1,1,88,1,1,0.3323863714260942,1,1,1,False,,False,,18.910945892333984,9.750955581665039,yolov5s_seg/conv32,3,0,1,9.496497499999998,0,86,0.9474363327026367,0.04423827305436134,0.07831236455920873,5,6336,yolov5s_seg_context_0,False,0.012978885,44928,104857600.0,0,8,-0.301355242729187,12.506242752075195,-0.6281188726425171,0.4544743299484253,-0.2874334156513214,7.042118549346924,8,8,16,0.9474363327026367,0.8333333333333334,0.9696969696969697,0.08265712624279095,1.0,0.06328271883572423,False,True,False
maxpool1,maxpool,20,20,256,256,5,5,1,1,conv32,maxpool2 concat5,0,0,,644.95,620199,,1,1,1,256,0,1,1,,1,1,False,,False,,9.455472946166992,9.455472946166992,yolov5s_seg/maxpool1,0,0,1,9.619835,0,256,0.23286719620227814,0.8398014307022095,0.033339774462388914,5,6144,yolov5s_seg_context_0,False,0.013175585,0,0,0,8,-0.2874334156513214,7.042118549346924,N/A,N/A,-0.2874334156513214,7.042118549346924,8,8,8,0.23286719620227814,0.8333333333333334,1.0,0.14317076430734624,0.0,0.027783145385324098,False,False,False
maxpool2,maxpool,20,20,256,256,5,5,1,1,maxpool1,maxpool3 concat5,0,0,,644.95,620199,,1,1,1,256,0,4,1,,1,1,False,,False,,9.455472946166992,9.455472946166992,yolov5s_seg/maxpool2,0,0,1,8.7360825,0,256,0.23286719620227814,0.8398014307022095,0.033339774462388914,20,6144,yolov5s_seg_context_0,False,0.013423505,0,0,0,8,-0.2874334156513214,7.042118549346924,N/A,N/A,-0.2874334156513214,7.042118549346924,8,8,8,0.23286719620227814,0.8333333333333334,1.0,0.14317076430734624,0.0,0.027783145385324098,False,False,False
maxpool3,maxpool,20,20,256,256,5,5,1,1,maxpool2,concat5,0,0,,644.95,620199,,1,1,1,256,0,1,1,,1,1,False,,False,,9.455472946166992,9.455472946166992,yolov5s_seg/maxpool3,0,0,1,7.818407499999999,0,256,0.23286719620227814,0.8398014307022095,0.033339774462388914,5,6144,yolov5s_seg_context_0,False,0.013671425,0,0,0,8,-0.2874334156513214,7.042118549346924,N/A,N/A,-0.2874334156513214,7.042118549346924,8,8,8,0.23286719620227814,0.8333333333333334,1.0,0.14317076430734624,0.0,0.027783145385324098,False,False,False
concat5,concat,20|20|20|20,20|20|20|20,1024,256|256|256|256,,,,,conv32 maxpool1 maxpool2 maxpool3,conv33,0,0,,6402.56,62475,,1,1,1,1024,0,1,1,,,,False,,False,,9.455472946166992,0.0,yolov5s_seg/concat5,0,0,1,7.326712499999999,0,1024,0.9834333658218384,0.9834333658218384,0.014183208440698732,4,8192,yolov5s_seg_context_0,False,0.014345325,0,0,0,8,N/A,N/A,N/A,N/A,-0.2874334156513214,7.042118549346924,8,8,8,0.9834333658218384,0.8333333333333334,1.0,0.01442213466984219,0.0,0.011819340367248944,False,False,True
conv33,conv,20,20,512,1024,1,1,1,1,concat5,conv34,524800.0,209920000.0,,479.14,834821,655360.0,5,1,1,104,1,1,0.13822115650173777,1,1,1,False,,False,,37.82189178466797,19.20642852783203,yolov5s_seg/conv33,15,0,1,7.756385,0,103,0.9586246609687805,0.03737328201532364,0.18474183123011825,7,4160,yolov5s_seg_context_0,False,0.014777595,73600,419430400.0,0,8,-0.2874334156513214,7.042118549346924,-0.9006072878837585,0.6227975487709045,-0.3180558979511261,9.819975852966309,8,8,16,0.9586246609687805,0.8333333333333334,0.9846153846153847,0.19271550039555546,1.0,0.15158304100932782,False,True,True
conv34,conv,20,20,256,512,1,1,1,1,conv33,resize1 concat12,131328.0,52531200.0,,1069.74,373921,273067.0,3,1,1,88,1,3,0.3323863579326749,1,1,1,False,,False,,18.910945892333984,9.750955581665039,yolov5s_seg/conv34,3,0,1,7.737175,0,86,0.9072504639625549,0.04236188903450966,0.07831236456186431,15,6336,yolov5s_seg_context_0,False,0.0147931875,44928,104857600.0,0,8,-0.3180558979511261,9.819975852966309,-1.1058729887008667,1.0224376916885376,-0.30785879492759705,9.50514030456543,8,8,16,0.9072504639625549,0.8333333333333334,0.9696969696969697,0.08631835162676368,1.0,0.06328271883787015,False,True,False
resize1,resize,20,20,256,256,,,,,conv34,concat6,0,0,,2595.73,154099,,1,1,1,256,0,1,1,,,,False,,False,,9.455472946166992,0.0,yolov5s_seg/resize1,0,0,1,8.0935775,0,256,0.33225393295288086,0.33225393295288086,0.011819340183958336,3,10240,yolov5s_seg_context_0,False,0.0152607925,0,0,0,8,-0.30785879492759705,9.50514030456543,N/A,N/A,-0.30785879492759705,9.50514030456543,8,8,8,0.33225393295288086,0.8333333333333334,1.0,0.035573213773317514,0.0,0.009849450153298613,False,False,False
concat6,concat,40|40,40|40,512,256|256,,,,,resize1 conv25,conv35 conv36,0,0,,3792.66,105467,,1,1,1,512,0,2,1,,,,False,,False,,37.82189178466797,0.0,yolov5s_seg/concat6,0,0,1,8.798295,0,512,0.9709197878837585,0.9709197878837585,0.023638680284932986,16,4096,yolov5s_seg_context_0,False,0.0159751375,0,0,0,8,-0.30785879492759705,9.50514030456543,N/A,N/A,-0.31943413615226746,9.862528800964355,8,8,8,0.9709197878837585,1.0,1.0,0.024346687110432114,0.0,0.023638680284932986,False,False,True
conv35,conv,40,40,128,512,1,1,1,1,concat6,conv37,65664.0,105062400.0,,1178.34,339461,273067.0,6,1,1,24,3,1,1,1,1,1,False,,False,,75.64378356933594,21.27481460571289,yolov5s_seg/conv35,0,0,1,8.80124,0,22,0.9084990620613098,0.08484037965536118,0.07119305856284537,28,1152,yolov5s_seg_context_0,False,0.0159794,65664.0,209715200.0,0,8,-0.31943413615226746,9.862528800964355,-0.9533484578132629,0.7145593762397766,-0.30514898896217346,7.4761505126953125,8,8,16,0.9084990620613098,1.0,0.8888888888888888,0.07836338146713566,1.0,0.06328271872252922,False,True,True
conv36,conv,40,40,128,512,1,1,1,1,concat6,concat7,65664.0,105062400.0,,1178.34,339461,273067.0,6,1,1,24,3,1,1,1,1,1,False,,False,,75.64378356933594,21.27481460571289,yolov5s_seg/conv36,0,0,1,8.8198425,0,22,0.9084990620613098,0.08484037965536118,0.07119305856284537,28,1152,yolov5s_seg_context_0,False,0.0159980025,65664.0,209715200.0,0,8,-0.31943413615226746,9.862528800964355,-0.6830688714981079,0.5710556507110596,-0.2849465012550354,7.788537502288818,8,8,16,0.9084990620613098,1.0,0.8888888888888888,0.07836338146713566,1.0,0.06328271872252922,False,True,True
conv37,conv,40,40,128,128,1,1,1,1,conv35,conv38,16512.0,26419200.0,,1681.65,237861,204800.0,2,1,1,64,8,1,1,1,1,1,False,,False,,18.910945892333984,18.910945892333984,yolov5s_seg/conv37,0,0,1,8.79997,0,64,0.8744602799415588,0.10762587934732437,0.04801606983549166,32,1024,yolov5s_seg_context_0,False,0.0159823925,16512.0,52428800.0,0,8,-0.30514898896217346,7.4761505126953125,-1.378828763961792,1.9285392761230469,-0.31345030665397644,11.105096817016602,8,8,16,0.8744602799415588,1.0,1.0,0.05490937774635188,1.0,0.04801606983549166,False,True,True
conv38,conv,40,40,128,128,3,3,1,1,conv37,concat7,147584.0,236134400.0,,394.76,1013267,921600.0,4,1,1,32,2,1,0.2916666666666667,1,1,1,False,,False,,18.910945892333984,18.910945892333984,yolov5s_seg/conv38,4,0,1,9.257895,0,32,0.957042932510376,0.025264812633395195,0.22386108329703067,32,1024,yolov5s_seg_context_0,False,0.01644331,43008,471859200.0,20480,8,-0.31345030665397644,11.105096817016602,-0.6619171500205994,0.5686486959457397,-0.3899787962436676,10.65942096710205,8,8,16,0.957042932510376,1.0,1.0,0.23390913374160843,1.0,0.22386108329703067,False,True,True
concat7,concat,40|40,40|40,256,128|128,,,,,conv38 conv36,conv39,0,0,,7350.37,54419,,1,1,1,256,0,1,1,,,,False,,False,,18.910945892333984,0.0,yolov5s_seg/concat7,0,0,1,9.18339,0,256,0.9408478736877441,0.9408478736877441,0.011819340558877824,16,2048,yolov5s_seg_context_0,False,0.016443985,0,0,0,8,-0.3899787962436676,10.65942096710205,N/A,N/A,-0.3899787962436676,10.65942096710205,8,8,8,0.9408478736877441,1.0,1.0,0.012562435319698154,0.0,0.011819340558877824,False,True,True
conv39,conv,40,40,256,256,1,1,1,1,concat7,conv40,65792.0,105267200.0,,949.98,421061,327680.0,5,1,1,56,7,1,1,1,1,1,False,,False,,37.82189178466797,41.36769104003906,yolov5s_seg/conv39,0,0,1,9.190977499999999,0,52,0.8578329682350159,0.13299736380577087,0.08338175510234326,14,2240,yolov5s_seg_context_0,False,0.0164522475,65792.0,209715200.0,0,8,-0.3899787962436676,10.65942096710205,-1.187611699104309,0.953052282333374,-0.3208378553390503,13.314770698547363,8,8,16,0.8578329682350159,1.0,0.9142857142857143,0.09720045532162341,1.0,0.0762347475221424,False,True,True
conv40,conv,40,40,128,256,1,1,1,1,conv39,resize2 concat10,32896.0,52633600.0,,1169.52,342021,273067.0,3,1,1,48,6,1,1,1,1,1,False,,False,,37.82189178466797,21.27481460571289,yolov5s_seg/conv40,0,0,1,9.189987499999999,0,43,0.9052075743675232,0.08420535922050476,0.07147007428242053,5,5760,yolov5s_seg_context_0,False,0.01645654,32896.0,104857600.0,0,8,-0.3208378553390503,13.314770698547363,-0.7035760283470154,0.8251795172691345,-0.4391349256038666,15.557923316955566,8,8,16,0.9052075743675232,1.0,0.8888888888888888,0.07895434849002154,1.0,0.06352895491770712,False,True,False
resize2,resize,40,40,128,128,,,,,conv40,concat8,0,0,,1496.90,267219,,1,1,1,128,0,1,1,,,,False,,False,,18.910945892333984,0.0,yolov5s_seg/resize2,0,0,1,9.6470925,0,128,0.3832062780857086,0.3832062780857086,0.02363868055157191,3,10240,yolov5s_seg_context_0,False,0.01696625,0,0,0,8,-0.4391349256038666,15.557923316955566,N/A,N/A,-0.4391349256038666,15.557923316955566,8,8,8,0.3832062780857086,1.0,1.0,0.0616865690970878,0.0,0.02363868055157191,False,False,False
concat8,concat,80|80,80|80,256,128|128,,,,,resize2 conv15,conv41 conv42,0,0,,1847.52,216507,,1,1,1,256,0,2,1,,,,False,,False,,75.64378356933594,0.0,yolov5s_seg/concat8,0,0,1,9.992382500000001,0,256,0.9459278583526611,0.9459278583526611,0.04727736248378813,32,2048,yolov5s_seg_context_0,False,0.0173198875,0,0,0,8,N/A,N/A,N/A,N/A,-0.4391349256038666,15.557923316955566,8,8,8,0.9459278583526611,1.0,1.0,0.04997988172810761,0.0,0.04727736248378813,False,False,True
conv41,conv,80,80,64,256,1,1,1,1,concat8,conv43,16448.0,105267200.0,,450.81,887301,819200.0,2,1,1,32,4,1,1,1,1,1,False,,False,,151.28756713867188,37.82189178466797,yolov5s_seg/conv41,0,0,1,9.9944975,0,32,0.9304621815681458,0.05770307779312134,0.1905868704597048,64,512,yolov5s_seg_context_0,False,0.01732268,16448.0,209715200.0,0,8,-0.4391349256038666,15.557923316955566,-0.9152870178222656,0.5096549391746521,-0.2823692262172699,3.5073230266571045,8,8,16,0.9304621815681458,1.0,1.0,0.20483032436471624,1.0,0.1905868704597048,False,True,True
conv42,conv,80,80,64,256,1,1,1,1,concat8,concat9,16448.0,105267200.0,,450.81,887301,819200.0,2,1,1,32,4,1,1,1,1,1,False,,False,,151.28756713867188,37.82189178466797,yolov5s_seg/conv42,0,0,1,9.99827,0,32,0.9304621815681458,0.05770307779312134,0.1905868704597048,64,512,yolov5s_seg_context_0,False,0.0173264525,16448.0,209715200.0,0,8,-0.4391349256038666,15.557923316955566,-1.3272472620010376,0.8296442031860352,-0.28563249111175537,7.80728816986084,8,8,16,0.9304621815681458,1.0,1.0,0.20483032436471624,1.0,0.1905868704597048,False,True,True
conv43,conv,80,80,64,64,1,1,1,1,conv41,conv44,4160.0,26624000.0,,815.49,490501,409600.0,1,1,1,64,8,1,1,1,1,1,False,,False,,37.82189178466797,37.82189178466797,yolov5s_seg/conv43,0,0,1,9.9932575,0,64,0.8611603379249573,0.10438306629657745,0.09750956037190511,64,512,yolov5s_seg_context_0,False,0.0173242325,4160.0,52428800.0,0,8,-0.2823692262172699,3.5073230266571045,-2.189453601837158,1.7635101079940796,-0.28054603934288025,4.488736629486084,8,8,16,0.8611603379249573,1.0,1.0,0.11323043581740319,1.0,0.09750956037190511,False,True,True
conv44,conv,80,80,64,64,3,3,1,1,conv43,concat9,36928.0,236339200.0,,385.55,1037467,921600.0,4,1,1,16,2,1,1,1,1,1,False,,False,,37.82189178466797,37.82189178466797,yolov5s_seg/conv44,0,0,1,10.1182275,0,16,0.9144387245178223,0.04935096576809883,0.21900406825607516,64,512,yolov5s_seg_context_0,False,0.017450755,36928.0,471859200.0,20480,8,-0.28054603934288025,4.488736629486084,-1.3031139373779297,0.7914707660675049,-0.4172947406768799,11.406055450439453,8,8,16,0.9144387245178223,1.0,1.0,0.23949561887982665,1.0,0.21900406825607516,False,True,True
concat9,concat,80|80,80|80,128,64|64,,,,,conv44 conv42,conv45,0,0,,3471.65,115219,,1,1,1,128,0,1,1,,,,False,,False,,37.82189178466797,0.0,yolov5s_seg/concat9,0,0,1,10.0855775,0,128,0.8887423276901245,0.8887423276901245,0.02363868143579327,32,1024,yolov5s_seg_context_0,False,0.017454165,0,0,0,8,N/A,N/A,N/A,N/A,-0.4172947406768799,11.406055450439453,8,8,8,0.8887423276901245,1.0,1.0,0.026597902113238054,0.0,0.02363868143579327,False,True,True
conv45,conv,80,80,128,128,1,1,1,1,concat9,conv46 conv47 conv48,16512.0,105676800.0,,345.97,1156185,819200.0,2,1,1,64,8,4,1,1,1,1,False,,False,,75.64378356933594,75.64378356933594,yolov5s_seg/conv45,0,0,1,10.099322500000001,0,64,0.7196080088615417,0.08856713771820068,0.192064279142715,12,10240,yolov5s_seg_context_0,False,0.017468265,16512.0,209715200.0,0,8,-0.4172947406768799,11.406055450439453,-4.5676116943359375,6.283728122711182,-0.35525912046432495,44.940277099609375,8,8,16,0.7196080088615417,1.0,1.0,0.2669012528731732,1.0,0.192064279142715,False,True,False
conv46,conv,80,80,128,128,3,3,2,2,conv45,concat10,147584.0,236134400.0,,169.41,2361103,1843200.0,2,1,1,64,8,1,0.20833333174403842,1,1,1,False,,False,,75.64378356933594,18.910945892333984,yolov5s_seg/conv46,4,0,1,10.21087,0,64,0.7820073962211609,0.010842390358448029,0.4262349673894636,6,5120,yolov5s_seg_context_0,False,0.017615935,30720,471859200.0,0,8,-0.35525912046432495,44.940277099609375,-0.22556786239147186,0.265161395072937,-0.31412822008132935,11.12911319732666,8,8,16,0.7820073962211609,1.0,1.0,0.5450523479050565,1.0,0.4262349673894636,False,False,False
concat10,concat,40|40,40|40,256,128|128,,,,,conv46 conv40,conv49 conv50,0,0,,7370.96,54267,,1,1,1,256,0,1,1,,,,False,,False,,18.910945892333984,0.0,yolov5s_seg/concat10,0,0,1,9.624857500000001,0,256,0.9434831738471985,0.9434831738471985,0.01181934077978697,16,2048,yolov5s_seg_context_0,False,0.0176419675,0,0,0,8,-0.31412822008132935,11.12911319732666,N/A,N/A,-0.4391349256038666,15.557923316955566,8,8,8,0.9434831738471985,1.0,1.0,0.012527346652714304,0.0,0.01181934077978697,False,False,True
conv47,conv,80,80,128,128,3,3,1,1,conv45,resize3,147584.0,944537600.0,,101.14,3954823,3686400.0,4,1,1,32,2,1,0.15277778102421774,1,1,1,False,,False,,75.64378356933594,75.64378356933594,yolov5s_seg/conv47,4,0,1,10.63222,0,32,0.9574840664863586,0.025892436504364014,0.8741418012152636,3,10240,yolov5s_seg_context_0,False,0.018037285,22528,1887436800.0,40960,8,-0.35525912046432495,44.940277099609375,-0.24706368148326874,0.26893162727355957,-0.29622775316238403,7.257580280303955,8,8,16,0.9574840664863586,1.0,1.0,0.9129570212307211,1.0,0.8741418012152636,False,False,False
conv48,conv,80,80,351,128,1,1,1,1,conv45,output_layer1,45279.0,289785600.0,,229.31,1744341,1123200.0,4,1,1,88,1,4,1,1,1,1,False,,False,,75.64378356933594,208.02040100097656,yolov5s_seg/conv48,0,0,1,10.1177075,0,88,0.6558350920677185,0.1614363193511963,0.2640883976627476,2,56320,yolov5s_seg_context_0,False,0.0175227725,45279.0,575078400.0,0,8,-0.35525912046432495,44.940277099609375,-0.52978515625,0.364501953125,-18.973909378051758,8.259788513183594,16,8,16,0.6558350920677185,1.0,0.9971590909090909,0.40267500299523323,1.0,0.2633381465330239,False,False,False
conv49,conv,40,40,128,256,1,1,1,1,concat10,conv51,32896.0,52633600.0,,1170.07,341861,273067.0,3,1,1,48,6,1,1,1,1,1,False,,False,,37.82189178466797,21.27481460571289,yolov5s_seg/conv49,0,0,1,9.6284725,0,43,0.9056312441825867,0.08424476534128189,0.07147007496913081,28,1152,yolov5s_seg_context_0,False,0.01764626,32896.0,104857600.0,0,8,-0.4391349256038666,15.557923316955566,-0.9853226542472839,0.9792366623878479,-0.2991149425506592,10.597214698791504,8,8,16,0.9056312441825867,1.0,0.8888888888888888,0.07891741305109118,1.0,0.06352895552811627,False,True,True
conv50,conv,40,40,128,256,1,1,1,1,concat10,concat11,32896.0,52633600.0,,1170.07,341861,273067.0,3,1,1,48,6,1,1,1,1,1,False,,False,,37.82189178466797,21.27481460571289,yolov5s_seg/conv50,0,0,1,9.647685,0,43,0.9056312441825867,0.08424476534128189,0.07147007496913081,28,1152,yolov5s_seg_context_0,False,0.0176654725,32896.0,104857600.0,0,8,-0.4391349256038666,15.557923316955566,-1.2067619562149048,0.8261705636978149,-0.3097180128097534,9.562543869018555,8,8,16,0.9056312441825867,1.0,0.8888888888888888,0.07891741305109118,1.0,0.06352895552811627,False,True,True
conv51,conv,40,40,128,128,1,1,1,1,conv49,conv52,16512.0,26419200.0,,1681.65,237861,204800.0,2,1,1,64,8,1,1,1,1,1,False,,False,,18.910945892333984,18.910945892333984,yolov5s_seg/conv51,0,0,1,9.6271725,0,64,0.8744602799415588,0.10762587934732437,0.04801606983549166,32,1024,yolov5s_seg_context_0,False,0.0176492525,16512.0,52428800.0,0,8,-0.2991149425506592,10.597214698791504,-1.1674166917800903,0.9958749413490295,-0.29963162541389465,7.340974807739258,8,8,16,0.8744602799415588,1.0,1.0,0.05490937774635188,1.0,0.04801606983549166,False,True,True
conv52,conv,40,40,128,128,3,3,1,1,conv51,concat11,147584.0,236134400.0,,394.76,1013267,921600.0,4,1,1,32,2,1,0.2916666666666667,1,1,1,False,,False,,18.910945892333984,18.910945892333984,yolov5s_seg/conv52,4,0,1,9.7234225,0,32,0.957042932510376,0.025264812633395195,0.22386108329703067,32,1024,yolov5s_seg_context_0,False,0.017748495,43008,471859200.0,20480,8,-0.29963162541389465,7.340974807739258,-0.981600821018219,0.9395272135734558,-0.37068942189216614,11.445035934448242,8,8,16,0.957042932510376,1.0,1.0,0.23390913374160843,1.0,0.22386108329703067,False,True,True
concat11,concat,40|40,40|40,256,128|128,,,,,conv52 conv50,conv53,0,0,,7350.37,54419,,1,1,1,256,0,1,1,,,,False,,False,,18.910945892333984,0.0,yolov5s_seg/concat11,0,0,1,9.56004,0,256,0.9408478736877441,0.9408478736877441,0.011819340558877824,16,2048,yolov5s_seg_context_0,False,0.01774917,0,0,0,8,-0.37068942189216614,11.445035934448242,N/A,N/A,-0.37068942189216614,11.445035934448242,8,8,8,0.9408478736877441,1.0,1.0,0.012562435319698154,0.0,0.011819340558877824,False,True,True
conv53,conv,40,40,256,256,1,1,1,1,concat11,conv54 conv55,65792.0,105267200.0,,838.12,477261,327680.0,5,1,1,56,7,3,1,1,1,1,False,,False,,37.82189178466797,41.36769104003906,yolov5s_seg/conv53,0,0,1,9.5653475,0,52,0.7568185925483704,0.1173362135887146,0.08338175299245797,7,11200,yolov5s_seg_context_0,False,0.0177551525,65792.0,209715200.0,0,8,-0.37068942189216614,11.445035934448242,-2.453252077102661,3.2882885932922363,-0.3484947681427002,44.08458709716797,8,8,16,0.7568185925483704,1.0,0.9142857142857143,0.11017402824591523,1.0,0.07623474559310442,False,True,False
conv54,conv,40,40,256,256,3,3,2,2,conv53,concat12,590080.0,236032000.0,,465.39,859499,460800.0,8,1,1,32,4,1,0.21527778549501905,1,1,1,False,,False,,37.82189178466797,9.455472946166992,yolov5s_seg/conv54,16,0,1,9.618757500000001,0,32,0.6439099907875061,0.01787087507545948,0.12775968168389373,5,6144,yolov5s_seg_context_0,False,0.0178628575,126976,471859200.0,0,8,-0.3484947681427002,44.08458709716797,-0.25805535912513733,0.305493026971817,-0.40809231996536255,12.59985065460205,8,8,16,0.6439099907875061,1.0,1.0,0.19841233015757812,1.0,0.12775968168389373,False,False,False
concat12,concat,20|20,20|20,512,256|256,,,,,conv54 conv34,conv56 conv57,0,0,,12615.51,31707,,1,1,1,512,0,2,1,,,,False,,False,,9.455472946166992,0.0,yolov5s_seg/concat12,0,0,1,9.1184825,0,512,0.9688712358474731,0.9688712358474731,0.007091604338117126,16,4096,yolov5s_seg_context_0,False,0.0178804025,0,0,0,8,N/A,N/A,N/A,N/A,-0.40809231996536255,12.59985065460205,8,8,8,0.9688712358474731,0.8333333333333334,1.0,0.007319449763532394,0.0,0.005909670281764272,False,False,True
conv55,conv,40,40,351,256,1,1,1,1,conv53,output_layer2,90207.0,144331200.0,,766.31,521981,320915.0,7,1,1,56,7,1,1,1,1,1,False,,False,,37.82189178466797,57.914772033691406,yolov5s_seg/conv55,0,0,1,9.5436725,0,51,0.6919792294502258,0.15019704401493073,0.08338175573247439,1,31360,yolov5s_seg_context_0,False,0.0177877725,90207.0,287539200.0,0,8,-0.3484947681427002,44.08458709716797,-0.361083984375,0.33154296875,-16.293018341064453,7.449458122253418,16,8,16,0.6919792294502258,1.0,0.8954081632653061,0.12049748342695313,1.0,0.0746607047502513,False,False,False
conv56,conv,20,20,256,512,1,1,1,1,concat12,conv58,131328.0,52531200.0,,1117.50,357941,273067.0,3,1,1,88,1,1,0.33238637375066854,1,1,1,False,,False,,18.910945892333984,9.750955581665039,yolov5s_seg/conv56,3,0,1,9.153680000000001,0,86,0.9477539658546448,0.04425310343503952,0.07831236492120804,15,2112,yolov5s_seg_context_0,False,0.0179169175,44928,104857600.0,0,8,-0.40809231996536255,12.59985065460205,-1.6291168928146362,1.1242878437042236,-0.2821873724460602,11.710775375366211,8,8,16,0.9477539658546448,0.8333333333333334,0.9696969696969697,0.08262942466359319,1.0,0.06328271912824893,False,True,True
conv57,conv,20,20,256,512,1,1,1,1,concat12,concat13,131328.0,52531200.0,,1117.50,357941,273067.0,3,1,1,88,1,1,0.33238637375066854,1,1,1,False,,False,,18.910945892333984,9.750955581665039,yolov5s_seg/conv57,3,0,1,9.17893,0,86,0.9477539658546448,0.04425310343503952,0.07831236492120804,15,2112,yolov5s_seg_context_0,False,0.0179421675,44928,104857600.0,0,8,-0.40809231996536255,12.59985065460205,-0.7527557611465454,0.9676796197891235,-0.29696375131607056,12.323996543884277,8,8,16,0.9477539658546448,0.8333333333333334,0.9696969696969697,0.08262942466359319,1.0,0.06328271912824893,False,True,True
conv58,conv,20,20,256,256,1,1,1,1,conv56,conv59,65792.0,26316800.0,,3166.03,126341,81920.0,5,1,1,56,7,1,1,1,1,1,False,,False,,9.455472946166992,10.341922760009766,yolov5s_seg/conv58,0,0,1,9.144029999999999,0,52,0.8576788306236267,0.13297346234321594,0.025014526278715195,14,2240,yolov5s_seg_context_0,False,0.0179222,65792.0,52428800.0,0,8,-0.2821873724460602,11.710775375366211,-1.3077129125595093,0.8448087573051453,-0.2923005223274231,10.355790138244629,8,8,16,0.8576788306236267,0.8333333333333334,0.9142857142857143,0.029165376811885267,1.0,0.019058686688544914,False,True,True
conv59,conv,20,20,256,256,3,3,1,1,conv58,concat13,590080.0,236032000.0,,578.72,691175,460800.0,8,1,1,32,2,1,0.17361110852526893,1,1,1,False,,False,,9.455472946166992,9.455472946166992,yolov5s_seg/conv59,16,0,1,9.2707475,0,32,0.880952000617981,0.02222302556037903,0.14056058278285286,16,2048,yolov5s_seg_context_0,False,0.0180542,102400,471859200.0,24576,8,-0.2923005223274231,10.355790138244629,-0.945497453212738,0.7448438405990601,-0.33946534991264343,14.087812423706055,8,8,16,0.880952000617981,0.8333333333333334,1.0,0.15955532501685757,1.0,0.11713381898571074,False,True,True
concat13,concat,20|20,20|20,512,256|256,,,,,conv59 conv57,conv60,0,0,,12618.69,31699,,1,1,1,512,0,1,1,,,,False,,False,,9.455472946166992,0.0,yolov5s_seg/concat13,0,0,1,8.6819775,0,512,0.9691157341003418,0.9691157341003418,0.007091604195045603,8,4096,yolov5s_seg_context_0,False,0.018055515,0,0,0,8,-0.33946534991264343,14.087812423706055,N/A,N/A,-0.33946534991264343,14.087812423706055,8,8,8,0.9691157341003418,0.8333333333333334,1.0,0.007317602991585876,0.0,0.005909670162538003,False,True,True
conv60,conv,20,20,512,512,1,1,1,1,concat13,conv61,262656.0,105062400.0,,1069.80,373901,273067.0,6,1,1,88,1,1,0.3323863646648427,1,1,1,False,,False,,18.910945892333984,19.501911163330078,yolov5s_seg/conv60,6,0,1,8.696255,0,86,0.9072989821434021,0.08472830802202225,0.07831236363549067,2,12672,yolov5s_seg_context_0,False,0.0180711075,89856,209715200.0,0,8,-0.33946534991264343,14.087812423706055,-1.5248944759368896,2.4664409160614014,-0.3556564748287201,44.990543365478516,8,8,16,0.9072989821434021,0.8333333333333334,0.9696969696969697,0.0863137346968974,1.0,0.06328271808928539,False,True,False
conv61,conv,20,20,351,512,1,1,1,1,conv60,output_layer3,180063.0,72025200.0,,1040.36,384481,280800.0,4,1,1,88,1,1,0.332386349791665,1,1,1,False,,False,,18.910945892333984,13.001275062561035,yolov5s_seg/conv61,4,0,1,8.67322,0,88,0.8823322653770447,0.054931193590164185,0.07831236248172711,2,14080,yolov5s_seg_context_0,False,0.0181191625,59904,143769600.0,0,8,-0.3556564748287201,44.990543365478516,-0.31494140625,0.289794921875,-12.795434951782227,7.940903186798096,16,8,16,0.8823322653770447,0.8333333333333334,0.9971590909090909,0.08875609059616799,1.0,0.06507490348268517,False,False,False
resize3,resize,80,80,128,128,,,,,conv47,conv62,0,0,,382.26,1046419,,1,1,1,128,0,2,1,,,,False,,False,,75.64378356933594,0.0,yolov5s_seg/resize3,0,0,1,10.075075,0,128,0.39143019914627075,0.39143019914627075,0.09455472309857894,2,20480,yolov5s_seg_context_0,False,0.0180699775,0,0,0,8,-0.29622775316238403,7.257580280303955,N/A,N/A,-0.29622775316238403,7.257580280303955,8,8,8,0.39143019914627075,1.0,1.0,0.2415621566879807,0.0,0.09455472309857894,False,False,False
conv62,conv,160,160,128,128,3,3,1,1,resize3,conv63,147584.0,3778150400,,99.37,4025303,3686400,17.0,3.0,3.0,128,1,4.0,,1,1,1,False,,False,combined (NORMAL),756.4378356933594,302.57513427734375,,0.0,0.0,3.0,10.3866975,0,128,0.9272587790208704,0.3302028502027194,0.81861097847292,130.0,2048,yolov5s_seg_context_0,False,0.0183983025,147584,7549747200,81920,8,-0.29622775316238403,7.257580280303955,-0.7207355499267578,0.4934581220149994,-0.2938627004623413,7.199635982513428,8,8,16,0.9296591877937317,1.0,1.0,0.9292270820795483,0.9411764705882353,0.8638644944020121,False,False,True
conv63,conv,160,160,32,128,1,1,1,1,conv62,output_layer4,4128.0,105676800.0,,221.43,1806421,1638400.0,1,1,1,32,4,1,1,1,1,1,False,,False,,302.57513427734375,75.64378356933594,yolov5s_seg/conv63,0,0,1,10.326035000000001,0,32,0.921158492565155,0.05668667331337929,0.38412857533272243,6,5120,yolov5s_seg_context_0,False,0.018399735,4128.0,209715200.0,0,8,-0.2938627004623413,7.199635982513428,-1.0817253589630127,1.0383350849151611,-0.30345284938812256,6.1449198722839355,8,8,16,0.921158492565155,1.0,1.0,0.41700595330021606,1.0,0.38412857533272243,False,True,False
auto_reshape_from_input_layer1_to_normalization1,format_conversion,640,640,3,3,,,,,,,0,0,,1192.74,335361,,0,0,0,,0,0,1,1,,,False,,False,,113.4656753540039,0.0,,0,1,1,10.554245,0,,0.0,0.0,0.0,2,1920,yolov5s_seg_context_0,False,0.0105554875,0,0,0,8,N/A,N/A,N/A,N/A,N/A,N/A,8,8,8,0.0,,,0.07741691084454497,0.0,,False,False,False
auto_reshape_from_conv61_to_output_layer3,format_conversion,20,20,351,351,,,,,,,0,0,,5611.59,71281,,0,0,0,,0,0,1,1,,,False,,False,,12.964339256286621,0.0,,0,1,1,8.6340925,0,,0.0,0.0,0.0,2,16896,yolov5s_seg_context_0,False,0.01812809,0,0,0,16,N/A,N/A,N/A,N/A,N/A,N/A,16,16,16,0.0,,,0.01645496888997233,0.0,,False,False,False
auto_reshape_from_conv55_to_output_layer2,format_conversion,40,40,351,351,,,,,,,0,0,,1411.63,283361,,0,0,0,,0,0,1,1,,,False,,False,,51.857357025146484,0.0,,0,1,1,9.528780000000001,0,,0.0,0.0,0.0,2,28160,yolov5s_seg_context_0,False,0.0178055,0,0,0,16,N/A,N/A,N/A,N/A,N/A,N/A,16,16,16,0.0,,,0.06541289319217532,0.0,,False,False,False
auto_reshape_from_conv48_to_output_layer1,format_conversion,80,80,351,351,,,,,,,0,0,,354.01,1129921,,0,0,0,,0,0,1,1,,,False,,False,,207.42942810058594,0.0,,0,1,1,10.0985275,0,,0.0,0.0,0.0,2,56320,yolov5s_seg_context_0,False,0.0175581,0,0,0,16,N/A,N/A,N/A,N/A,N/A,N/A,16,16,16,0.0,,,0.26083830057275326,0.0,,False,False,False
auto_reshape_from_conv63_to_output_layer4,format_conversion,160,160,32,32,,,,,,,0,0,,1888.21,211841,,0,0,0,,0,0,1,1,,,False,,False,,75.64378356933594,0.0,,0,1,1,10.268885000000001,0,,0.0,0.0,0.0,2,5120,yolov5s_seg_context_0,False,0.0184030625,0,0,0,8,N/A,N/A,N/A,N/A,N/A,N/A,8,8,8,0.0,,,0.04890275199030075,0.0,,False,False,False
